month,year,n
01,2011,83
01,2012,33
01,2013,179
01,2014,421
01,2015,107
01,2016,116
01,2017,34
01,2018,45
01,2019,84
01,2020,152
02,2010,8
02,2012,97
02,2013,520
02,2014,106
02,2015,115
02,2016,48
02,2018,372
02,2019,11
03,2012,180
03,2013,67
03,2014,496
03,2015,45
03,2016,583
03,2018,196
03,2019,174
04,2010,57
04,2012,105
04,2013,188
04,2014,156
04,2015,358
04,2016,265
04,2018,132
04,2019,319
05,2011,15
05,2012,0
05,2013,197
05,2014,209
05,2015,477
05,2016,244
05,2018,155
05,2019,415
06,2012,16
06,2013,608
06,2014,87
06,2015,14370
06,2016,94
06,2017,89
06,2018,381
06,2019,97
07,2010,48
07,2011,24
07,2012,55
07,2013,79
07,2014,1088
07,2015,9
07,2016,288
07,2017,156
07,2018,450
07,2019,241
08,2008,8
08,2010,100
08,2011,412
08,2012,23
08,2013,90
08,2014,128
08,2015,430
08,2016,147
08,2017,68
08,2018,70
09,2008,18
09,2009,0
09,2011,154
09,2012,69
09,2014,529
09,2015,847
09,2016,98
09,2017,403
09,2018,282
09,2019,90
10,2010,23
10,2011,237
10,2012,406
10,2013,211
10,2014,23
10,2015,279
10,2016,87
10,2017,75
10,2018,47
10,2019,574
11,2008,54
11,2011,3
11,2012,30
11,2013,9
11,2014,101
11,2015,46
11,2017,139
11,2019,96
12,2010,119
12,2011,166
12,2012,468
12,2013,461
12,2014,107
12,2015,247
12,2017,352
12,2018,143
12,2019,76
