year,month,n,month_num,year_num
.2008.,January,0,01,2008
.2008.,February,0,02,2008
.2008.,March,0,03,2008
.2008.,April,0,04,2008
.2008.,May,0,05,2008
.2008.,June,0,06,2008
.2008.,July,0,07,2008
.2008.,August,8,08,2008
.2008.,September,18,09,2008
.2008.,October,0,10,2008
.2008.,November,54,11,2008
.2008.,December,0,12,2008
.2009.,January,0,01,2009
.2009.,February,0,02,2009
.2009.,March,0,03,2009
.2009.,April,0,04,2009
.2009.,May,0,05,2009
.2009.,June,0,06,2009
.2009.,July,0,07,2009
.2009.,August,0,08,2009
.2009.,September,60,09,2009
.2009.,October,0,10,2009
.2009.,November,0,11,2009
.2009.,December,0,12,2009
.2010.,January,0,01,2010
.2010.,February,119,02,2010
.2010.,March,0,03,2010
.2010.,April,57,04,2010
.2010.,May,157,05,2010
.2010.,June,0,06,2010
.2010.,July,48,07,2010
.2010.,August,120,08,2010
.2010.,September,0,09,2010
.2010.,October,23,10,2010
.2010.,November,0,11,2010
.2010.,December,190,12,2010
.2011.,January,83,01,2011
.2011.,February,0,02,2011
.2011.,March,0,03,2011
.2011.,April,0,04,2011
.2011.,May,15,05,2011
.2011.,June,531,06,2011
.2011.,July,121,07,2011
.2011.,August,511,08,2011
.2011.,September,154,09,2011
.2011.,October,237,10,2011
.2011.,November,136,11,2011
.2011.,December,283,12,2011
.2012.,January,33,01,2012
.2012.,February,97,02,2012
.2012.,March,180,03,2012
.2012.,April,105,04,2012
.2012.,May,83,05,2012
.2012.,June,191,06,2012
.2012.,July,55,07,2012
.2012.,August,23,08,2012
.2012.,September,69,09,2012
.2012.,October,542,10,2012
.2012.,November,69,11,2012
.2012.,December,787,12,2012
.2013.,January,255,01,2013
.2013.,February,554,02,2013
.2013.,March,71,03,2013
.2013.,April,197,04,2013
.2013.,May,197,05,2013
.2013.,June,711,06,2013
.2013.,July,142,07,2013
.2013.,August,94,08,2013
.2013.,September,215,09,2013
.2013.,October,336,10,2013
.2013.,November,246,11,2013
.2013.,December,461,12,2013
.2014.,January,714,01,2014
.2014.,February,106,02,2014
.2014.,March,928,03,2014
.2014.,April,156,04,2014
.2014.,May,332,05,2014
.2014.,June,513,06,2014
.2014.,July,1088,07,2014
.2014.,August,128,08,2014
.2014.,September,529,09,2014
.2014.,October,497,10,2014
.2014.,November,101,11,2014
.2014.,December,107,12,2014
.2015.,January,107,01,2015
.2015.,February,202,02,2015
.2015.,March,622,03,2015
.2015.,April,638,04,2015
.2015.,May,939,05,2015
.2015.,June,2710,06,2015
.2015.,July,253,07,2015
.2015.,August,1458,08,2015
.2015.,September,847,09,2015
.2015.,October,279,10,2015
.2015.,November,1209,11,2015
.2015.,December,1769,12,2015
.2016.,January,1048,01,2016
.2016.,February,1245,02,2016
.2016.,March,870,03,2016
.2016.,April,788,04,2016
.2016.,May,579,05,2016
.2016.,June,551,06,2016
.2016.,July,893,07,2016
.2016.,August,416,08,2016
.2016.,September,257,09,2016
.2016.,October,87,10,2016
.2016.,November,774,11,2016
.2016.,December,378,12,2016
.2017.,January,34,01,2017
.2017.,February,0,02,2017
.2017.,March,440,03,2017
.2017.,April,346,04,2017
.2017.,May,0,05,2017
.2017.,June,1241,06,2017
.2017.,July,1035,07,2017
.2017.,August,2014,08,2017
.2017.,September,1413,09,2017
.2017.,October,886,10,2017
.2017.,November,1035,11,2017
.2017.,December,999,12,2017
.2018.,January,1358,01,2018
.2018.,February,1522,02,2018
.2018.,March,1470,03,2018
.2018.,April,1005,04,2018
.2018.,May,573,05,2018
.2018.,June,1820,06,2018
.2018.,July,1105,07,2018
.2018.,August,911,08,2018
.2018.,September,1623,09,2018
.2018.,October,260,10,2018
.2018.,November,190,11,2018
.2018.,December,143,12,2018
.2019.,January,427,01,2019
.2019.,February,176,02,2019
.2019.,March,468,03,2019
.2019.,April,464,04,2019
.2019.,May,415,05,2019
.2019.,June,845,06,2019
.2019.,July,1594,07,2019
.2019.,August,2994,08,2019
.2019.,September,3912,09,2019
.2019.,October,3176,10,2019
.2019.,November,1466,11,2019
.2019.,December,1912,12,2019
.2020.,January,1760,01,2020
.2020.,February,820,02,2020
.2020.,March,5047,03,2020
.2020.,April,5007,04,2020
.2020.,May,0,05,2020
.2020.,June,0,06,2020
.2020.,July,0,07,2020
.2020.,August,0,08,2020
.2020.,September,0,09,2020
.2020.,October,0,10,2020
.2020.,November,0,11,2020
.2020.,December,0,12,2020
